
<Filters>

	<!--<Filter     dll   = "KipV4Win-filter.dll"
				clsid = "{4BF7BCB6-EAC5-4A8B-800A-7CE7869699F0}"
				name  = "TestFilter1">
		<Input  guid  = "{4d47a67c-66cc-4430-850e-daf466fe5bc4}" comment="IID_IPrintReadStream" />
		<Output guid  = "{65bb7f1b-371e-4571-8ac7-912f510c1a38}" comment="IID_IPrintWriteStream" />
	</Filter>-->


	<Filter     dll   = "KipV4Win-filter.dll"
                clsid = "{78D038C3-8622-48A0-92BC-69B36EC80332}"
                name  = "PreFilter">
		<Input  guid  = "{b8cf8530-5562-47c4-ab67-b1f69ecf961e}" comment="IID_IXpsDocumentProvider" />
		<Output guid  = "{4368d8a2-4181-4a9f-b295-3d9a38bb9ba0}" comment="IID_IXpsDocumentConsumer" />
	</Filter>


	<!--<Filter     dll   = "KipV4Win-filter.dll"
				clsid = "{4BF7BCB6-EAC5-4A8B-800A-7CE7869699F0}"
				name  = "TestFilter2">
		<Input  guid  = "{4d47a67c-66cc-4430-850e-daf466fe5bc4}" comment="IID_IPrintReadStream" />
		<Output guid  = "{65bb7f1b-371e-4571-8ac7-912f510c1a38}" comment="IID_IPrintWriteStream" />
	</Filter>-->

	<Filter     dll   = "MSxpsPS.dll" 
                clsid = "{8636D90A-5E03-4d62-9269-E06493C57473}" 
                name  = "Microsoft XPS to PS">
		<Input  guid  = "{4d47a67c-66cc-4430-850e-daf466fe5bc4}" comment="IID_IPrintReadStream" />
		<Output guid  = "{65bb7f1b-371e-4571-8ac7-912f510c1a38}" comment="IID_IPrintWriteStream" />
	</Filter>


	<Filter     dll   = "KipV4Win-filter.dll"
				clsid = "{1DE98DF3-FB31-4CAE-80F4-F6BD5F9FD01C}"
				name  = "PostFilter">
		<Input  guid  = "{4d47a67c-66cc-4430-850e-daf466fe5bc4}" comment="IID_IPrintReadStream" />
		<Output guid  = "{65bb7f1b-371e-4571-8ac7-912f510c1a38}" comment="IID_IPrintWriteStream" />
	</Filter>

</Filters>
