<?xml version="1.0" encoding="utf-8"?>
<!--  Make sure lengths are consistent with usage in driver.
      Property names are JobData + index, so that constrainst.js can process uniformly
      Only make as large as necessary, to conserve devmode size. 
      See usage map in class PrintTicketNames.
      -->
<Properties xmlns="http://schemas.microsoft.com/windows/2011/08/printing/devmodemap">
  <Property Name="JobData1">
    <String Length="2048"></String>
  </Property>
  <!--Templates-->
  <Property Name="JobData2">
    <String Length="2048"></String>
  </Property>
  <Property Name="JobData3">
    <String Length="2048"></String>
  </Property>
  <Property Name="JobData4">
    <String Length="2048"></String>
  </Property>
  <Property Name="JobData5">
    <String Length="2048"></String>
  </Property>
  <Property Name="JobData6">
    <String Length="2048"></String>
  </Property>
  <Property Name="JobData7">
    <String Length="2048"></String>
  </Property>
  <Property Name="JobData8">
    <String Length="2048"></String>
  </Property>
  <Property Name="JobData9">
    <String Length="2048"></String>
  </Property>
  <Property Name="JobData10">
    <String Length="2048"></String>
  </Property>
  <Property Name="JobData11">
    <String Length="2048"></String>
  </Property>
  <!--End of Templates-->
</Properties>