<!--
*************************************************************************
* Copyright CANON INC. 1999                                           *
*************************************************************************
-->
<!--
*************************************************************************
* Ver3.11 Installer Canon Generic PCL6 US                               *
*************************************************************************
-->
<discovery xmlns="urn:cissnmpdiscovery">
  <refreshRate>60</refreshRate>
  <timeout>8</timeout>
  <methodList onlyMatching="true">
    <method mibType="Canon MIB">
      <OIDList>
        <devTypeOID>.1.3.6.1.4.1.1602.1.1.1.1.0</devTypeOID>
        <devNameOID>.1.3.6.1.4.1.1602.1.1.1.2.0</devNameOID>
        <macAddrOID hexEncoded="true">
        .1.3.6.1.2.1.2.2.1.6.1</macAddrOID>
        <sysDescOID>.1.3.6.1.2.1.1.1.0</sysDescOID>
      </OIDList>
      <deviceList></deviceList>
    </method>
  </methodList>
</discovery>
