﻿<?xml version="1.0" encoding="utf-8"?>	
<Model>
   <Capabilities>
     <Capability ID="ScriptVersion" VALUE="FALSE" DATE="2017.05.19.00"/>
      <Capability ID="EcoPrintingPreview" VALUE="TRUE" URL="URL_5" FPPT="TRUE" EEDSL="FALSE" SCOPE="Presets" USEEXTERNAL="TRUE"/>
      <Capability ID="ExternalUI" VALUE="TRUE" TUISL="FALSE" CHECKBOX="TRUE" URL="URL_5" SCOPE="Presets">
        <Items>
          <Item VALUE="0">Legacy UI</Item>
          <Item VALUE="2">Last Used UI</Item>
        </Items>
      </Capability>	  
	  <Capability ID="Presets" VALUE="TRUE" RESTORABLE="TRUE" KEEPJOBACCOUNTINGVALUE="TRUE" KEEPPRINTMODEVALUE="FALSE" SHOWKEEPPRINTMODE="TRUE" SHOWKEEPJOBACCOUNTING="TRUE" SCOPE="Presets"/>
	  <Capability ID="Preset1" VALUE="TRUE" DELETABLE="TRUE" SCOPE="Preset1">
	      <Items>
           <Item ID="EcoPrinting" VALUE="0" SCOPE="EcoPrinting"/>
         </Items>
      </Capability>
	  <Capability ID="Preset2" VALUE="TRUE" DELETABLE="TRUE" SCOPE="Preset2">
     	 <Items>
          <Item ID="Duplex" VALUE="1"/>
		  <Item ID="EcoPrinting" VALUE="0" SCOPE="EcoPrinting"/>
         </Items>
      </Capability>
	  <Capability ID="Preset3" VALUE="TRUE" DELETABLE="TRUE" SCOPE="Preset3">
		<Items>
            <Item ID="LayoutOptions" VALUE="1"/>
           <Item ID="EcoPrinting" VALUE="0" SCOPE="EcoPrinting"/>
         </Items>
      </Capability>
	  <Capability ID="Preset4" VALUE="TRUE" DELETABLE="TRUE" SCOPE="Preset4">
	     <Items>
            <Item ID="LayoutOptions" VALUE="3"/>
           <Item ID="EcoPrinting" VALUE="0" SCOPE="EcoPrinting"/>
         </Items>
      </Capability>
	  <Capability ID="Preset5" VALUE="TRUE" DELETABLE="TRUE" SCOPE="Preset5">
	     <Items>
            <Item ID="PrintMode" VALUE="4"/>
           <Item ID="EcoPrinting" VALUE="0" SCOPE="EcoPrinting"/>
         </Items>
      </Capability>
	  <!--Capability ID="Preset6" VALUE="TRUE" DELETABLE="TRUE" SCOPE="Preset6"-->
	  <Capability ID="Preset7" VALUE="TRUE" DELETABLE="TRUE" SCOPE="Preset7">	  
		  <Items>
			 <Item ID="EcoPrintingPreview" VALUE="2"/>
			 <Item ID="EcoPrinting" VALUE="0" SCOPE="EcoPrinting"/>
	      </Items>
      </Capability>
      <Capability ID="AdjustmentLevels" VALUE="TRUE" ENHANCEDSLIDER="TRUE" SCOPE="AdjustmentLevels"/>	  
      <Capability ID="PreviewAdjustment" VALUE="TRUE" STATICPREVIEW="TRUE" SCOPE="PreviewAdjustment"/>
      <Capability ID="Scaling" VALUE="TRUE" MINMARGIN="FALSE" CUSTOMPAPER="FALSE" AUTOCHANGE="FALSE" MINRATIO="10"/>
      <!--Capability ID="Preset7" VALUE="FALSE" NAME="Eco Preview Printing" ICON="Eco" DESCRIPTION="Eco Preview Printing Description" SHARED="FALSE" SMARTVALIDATE="TRUE" DELETABLE="TRUE" SCOPE="Preset7"/-->
      <Capability ID="PreviewManager" VALUE="FALSE" SCOPE="NOT PreviewDevice"/>
     <!--<Capability ID="EMFSpooling" VALUE="TRUE" EDM="TRUE">
       <Items>
         <Item VALUE="2">Auto</Item>
         <Item VALUE="0">RAW</Item>
         <Item VALUE="1">EMF</Item>
       </Items>
     </Capability>-->
     <Capability ID="PrinterFonts" VALUE="FALSE"/>
      <Capability ID="DefaultDEVMODE">
         <Items>
            <!--Item ID="EcoPrinting" VALUE="0"/-->
            <Item ID="EcoPrintingPreview" VALUE="FALSE"/>
            <Item ID="ExternalUI" VALUE="0"/>
            <Item ID="JobAccounting" USERID="&lt;LogonName&gt;"/>
            <Item ID="PrinterFonts" VALUE="0"/>
            <Item ID="ApplicationPaperType" VALUE="TRUE"/>
            <Item ID="ApplicationPaperSource" VALUE="TRUE"/>
            <!--<Item ID="EMFSpooling" VALUE="1"/>-->
         </Items>
      </Capability>
      <Capability ID="AutoConfiguration">
      </Capability>
      <Capability ID="PreviewPrinter" SUMMARY="TRUE" VALUE="TRUE"/>
      <Capability ID="AboutLogo" VALUE="TRUE" PRINTERTYPE="" SHOWVERSIONINLOGO="TRUE"/>
      <Capability ID="AboutHelp" VALUE="FALSE"/>
      <Capability ID="AboutInfo" VALUE="FALSE"/>
      <Capability ID="AboutService" VALUE="TRUE" USELINKS="TRUE">
        <Items>
           <Item VALUE="2" URL="URL_3" REMOVE="TRUE">Updates</Item>
           <Item VALUE="3" URL="URL_4" REMOVE="TRUE">Registration</Item>
        </Items>
      </Capability>
      <Capability ID="PrinterImages">
        <Items REPLACE="TRUE">
           <Item VALUE="u" FALLBACK="TRUE"/>
        </Items>
      </Capability>
      <Capability ID="DeviceImages">
        <Items REPLACE="TRUE" />
      </Capability>
     <Capability ID="CheckUPD" VALUE="TRUE"/>
     <Capability ID="Debug" SHOWDMCHANGES="FALSE" DEBUGLOG="FALSE" FILELOG="FALSE"/>
     <Capability ID="TechMode" VALUE="TRUE" LEVEL="1" PATH="C:\temp\test.log" MAX="4">
        <Items>
          <Item ID="DCU" LEVEL="3"/>
          <Item ID="UPDAgent" LEVEL="3"/>
          <Item ID="DEVMODEHandler" LEVEL="3"/>
          <Item ID="Feature" LEVEL="3"/>
          <Item ID="CustomControls" LEVEL="3"/>
          <Item ID="Configurator" LEVEL="3"/>
          <Item ID="PrinterInterface" LEVEL="3"/>
          <Item ID="RegistryHandler" LEVEL="3"/>
          <Item ID="Page" LEVEL="3"/>
          <Item ID="ImageProcessing" LEVEL="3"/>
          <Item ID="AutoConfiguration" LEVEL="3"/>
          <Item ID="GraphicsDLL" LEVEL="3"/>
          <Item ID="AMPVCollector" LEVEL="3"/>
          <Item ID="ESM" LEVEL="3"/>
          <Item ID="Plugin" LEVEL="3"/>
        </Items>
     </Capability>

     <!-- Techmode Print Options -->
     <Capability ID="TechDrawLine" VALUE="TRUE"/>
     <Capability ID="TechNupNoExtraScale" VALUE="TRUE"/>
     <Capability ID="TechShareUserCredentials" VALUE="TRUE"/>
     <Capability ID="TechSharedOverlay" VALUE="TRUE"/>
     
     <!-- Techmode Driver Options -->
     <Capability ID="TechPrintSchema" VALUE="TRUE"/>
     <Capability ID="TechLaunchExternals" VALUE="TRUE"/>
     
     <!-- Techmode GUI Options -->
     <Capability ID="TechGUILanguage" VALUE="TRUE">
       <Items>
         <Item VALUE="1025" LANG="AB">Arabic</Item>
         <!--0x0401-->
         <Item VALUE="1029" LANG="CZ">Czech</Item>
         <!--0x0405-->
         <Item VALUE="1030" LANG="DN">Danish</Item>
         <!--0x0406-->
         <Item VALUE="1031" LANG="GR">German</Item>
         <!--0x0407-->
         <Item VALUE="1032" LANG="EL">Greek</Item>
         <!--0x0408-->
         <Item VALUE="1033" LANG="EN">English</Item>
         <!--0x0409-->
         <Item VALUE="1034" LANG="SP">Spanish</Item>
         <!--0x040A-->
         <Item VALUE="1035" LANG="FI">Finnish</Item>
         <!--0x040b-->
         <Item VALUE="1036" LANG="FN">French</Item>
         <!--0x040c-->
         <Item VALUE="1037" LANG="HB">Hebrew</Item>
         <!--0x040d-->
         <Item VALUE="1038" LANG="HU">Hungarian</Item>
         <!--0x040e-->
         <Item VALUE="1040" LANG="IT">Italian</Item>
         <!--0x0410-->
         <Item VALUE="1042" LANG="KR">Korean</Item>
         <!--0x0412-->
         <Item VALUE="1043" LANG="DT">Dutch</Item>
         <!--0x0413-->
         <Item VALUE="1044" LANG="NR">Norwegian</Item>
         <!--0x0414-->
         <Item VALUE="1045" LANG="PO">Polish</Item>
         <!--0x0415-->
         <Item VALUE="1046" LANG="BP">Portuguese Brazilian</Item>
         <!--0x0416-->
         <Item VALUE="1049" LANG="RU">Russian</Item>
         <!--0x0419-->
         <Item VALUE="1053" LANG="SW">Swedish</Item>
         <!--0x041d-->
         <Item VALUE="1055" LANG="TK">Turkish</Item>
         <!--0x041f-->
         <Item VALUE="1058" LANG="UK">Ukrainian</Item>
         <!--0x0422-->
         <Item VALUE="2052" LANG="CP">Chinese Simplified</Item>
         <!--0x0804-->
         <Item VALUE="2070" LANG="PT">Portuguese Traditional</Item>
         <!--0x0816-->
         <Item VALUE="3076" LANG="CT">Chinese Traditional</Item>
         <!--0x0C04-->
       </Items>
     </Capability>
   </Capabilities>

   <Messages>
      <Message>
        <Id>LOGO_MODEL_NAME</Id>
        <Value>Universal Print Driver 3</Value>
      </Message>
      <!--Message>
         <Id>COPYRIGHT</Id>
         <Value>Copyright (c) 2017 Samsung Electronics Co., Ltd.</Value>
      </Message-->
      <Message>
         <Id>URL_5</Id>
         <Value>http://www.microsoft.com/en-us/download/details.aspx?id=24872</Value>
         <Value LANG="KR">http://www.microsoft.com/ko-kr/download/details.aspx?id=24872</Value>
      </Message>
   </Messages>
</Model>
